file,category
BZ_001.html,包子蒸点
BZ_002.html,包子蒸点
BZ_003.html,包子蒸点
BZ_005.html,包子蒸点
BZ_01.html,包子蒸点
BZ_02.html,包子蒸点
BZ_03.html,包子蒸点
BZ_04.html,包子蒸点
BZ_05.html,包子蒸点
BZ_06.html,包子蒸点
BZ_07.html,包子蒸点
CD_009.html,手打柠檬茶
CD_010.html,手打柠檬茶
CD_011.html,手打柠檬茶
CD_012.html,手打柠檬茶
CD_013.html,手打柠檬茶
CD_014.html,手打柠檬茶
CD_015.html,手打柠檬茶
CD_016.html,手打柠檬茶
CD_017.html,手打柠檬茶
CD_018.html,手打柠檬茶
CD_019.html,手打柠檬茶
CD_020.html,手打柠檬茶
CD_021.html,手打柠檬茶
CD_022.html,手打柠檬茶
CD_023.html,手打柠檬茶
CD_024.html,手打柠檬茶
CD_025.html,手打柠檬茶
CD_026.html,手打柠檬茶
CD_027.html,手打柠檬茶
CD_028.html,手打柠檬茶
CD_029.html,手打柠檬茶
CD_030.html,手打柠檬茶
CD_031.html,手打柠檬茶
CD_032.html,手打柠檬茶
CD_033.html,手打柠檬茶
CD_034.html,手打柠檬茶
CD_035.html,手打柠檬茶
CD_036.html,手打柠檬茶
CD_037.html,手打柠檬茶
CD_038.html,手打柠檬茶
CD_039.html,手打柠檬茶
CD_040.html,手打柠檬茶
CD_041.html,手打柠檬茶
CD_042.html,手打柠檬茶
CD_043.html,手打柠檬茶
CD_044.html,手打柠檬茶
CD_045.html,手打柠檬茶
CD_046.html,手打柠檬茶
CD_047.html,手打柠檬茶
CD_048.html,手打柠檬茶
CD_049.html,手打柠檬茶
CD_050.html,手打柠檬茶
CD_051.html,手打柠檬茶
CD_052.html,手打柠檬茶
CD_053.html,手打柠檬茶
CD_054.html,手打柠檬茶
CD_055.html,手打柠檬茶
CF-01.html,手搓咖啡
CF-02.html,手搓咖啡
CF-03.html,手搓咖啡
CF-04.html,手搓咖啡
CF-05.html,手搓咖啡
CF-06.html,手搓咖啡
CF-07.html,手搓咖啡
CF-08.html,手搓咖啡
CS_001.html,厨房/菜品类
CS_002.html,厨房/菜品类
CS_003.html,厨房/菜品类
CS_004.html,厨房/菜品类
CS_005.html,厨房/菜品类
CZ_033.html,凉拌卤味
CZ_035.html,凉拌卤味
DC_001.html,傣舂凉菜
DC_008.html,傣舂凉菜
HZ_001.html,韩式炸鸡
HZ_002.html,韩式炸鸡
HZ_003.html,韩式炸鸡
HZ_004.html,韩式炸鸡
HZ_005.html,韩式炸鸡
HZ_006.html,韩式炸鸡
HZ_007.html,韩式炸鸡
HZ_008.html,韩式炸鸡
HZ_009.html,韩式炸鸡
HZ_010.html,韩式炸鸡
HZ_011.html,韩式炸鸡
HZ_012.html,韩式炸鸡
HZ_013.html,韩式炸鸡
HZ_014.html,韩式炸鸡
HZ_015.html,韩式炸鸡
HZ_016.html,韩式炸鸡
HZ_017.html,韩式炸鸡
HZ_018.html,韩式炸鸡
HZ_019.html,韩式炸鸡
HZ_020.html,韩式炸鸡
JL_051.html,炸鸡酱料
JL_052.html,炸鸡酱料
JL_053.html,炸鸡酱料
JL_054.html,炸鸡酱料
JL_055.html,炸鸡酱料
JL_056.html,炸鸡酱料
JL_057.html,炸鸡酱料
JL_058.html,炸鸡酱料
JL_059.html,炸鸡酱料
JL_060.html,炸鸡酱料
JL_061.html,炸鸡酱料
JL_062.html,炸鸡酱料
JL_063.html,炸鸡酱料
JL_064.html,炸鸡酱料
JL_065.html,炸鸡酱料
JL_066.html,炸鸡酱料
JL_067.html,炸鸡酱料
JL_068.html,炸鸡酱料
JL_069.html,炸鸡酱料
JL_070.html,炸鸡酱料
JL_071.html,炸鸡酱料
JL_072.html,炸鸡酱料
JL_073.html,炸鸡酱料
JL_074.html,炸鸡酱料
JL_075.html,炸鸡酱料
JL_076.html,炸鸡酱料
JL_077.html,炸鸡酱料
JL_078.html,炸鸡酱料
JL_079.html,炸鸡酱料
JL_080.html,炸鸡酱料
JL_081.html,炸鸡酱料
JL_082.html,炸鸡酱料
JL_083.html,炸鸡酱料
JL_084.html,炸鸡酱料
JL_085.html,炸鸡酱料
JL_086.html,炸鸡酱料
JP_001.html,精品套餐
JP_002.html,精品套餐
JP_003.html,精品套餐
JP_004.html,精品套餐
JP_005.html,精品套餐
JP_006.html,精品套餐
JP_007.html,精品套餐
JP_008.html,精品套餐
JP_009.html,精品套餐
JP_010.html,精品套餐
JP_011.html,精品套餐
JP_012.html,精品套餐
JP_013.html,精品套餐
JP_014.html,精品套餐
JP_015.html,精品套餐
JP_016.html,精品套餐
JP_017.html,精品套餐
KR_001.html,韩式烤肉
KR_002.html,韩式烤肉
KR_003.html,韩式烤肉
KR_004.html,韩式烤肉
KR_005.html,韩式烤肉
KR_006.html,韩式烤肉
LB_001.html,凉拌卤味
LB_002.html,凉拌卤味
LB_003.html,凉拌卤味
LB_004.html,凉拌卤味
LB_005.html,凉拌卤味
LC_001.html,凉拌卤味
LM_001.html,中式面食/煎饼
LS_001.html,厨房/菜品类
LS_002.html,厨房/菜品类
MD_BZ_001_灌汤包门店运营版.html,包子蒸点
MD_LW_001_桶子鸡门店运营版.html,烧腊卤水
NF_001.html,厨房/菜品类
NF_002.html,厨房/菜品类
NF_003.html,厨房/菜品类
NF_004.html,厨房/菜品类
NF_005.html,厨房/菜品类
NT_01.html,新式茶饮
NT_02.html,新式茶饮
NT_03.html,新式茶饮
NT_04.html,新式茶饮
NT_05.html,新式茶饮
NT_06.html,新式茶饮
NT_07.html,新式茶饮
NT_08.html,新式茶饮
NT_09.html,新式茶饮
NT_10.html,新式茶饮
NT_11.html,新式茶饮
NT_12.html,新式茶饮
QS_001.html,凉拌卤味
QS_002.html,凉拌卤味
SK_001.html,牛羊肉
TL_019.html,中式面食/煎饼
TP-02.html,冰品甜品
TP-03.html,冰品甜品
TP-04.html,冰品甜品
TP-05.html,冰品甜品
TP-06.html,冰品甜品
TP-07.html,冰品甜品
TP-08.html,冰品甜品
XC_002.html,小吃炸物
XC_003.html,小吃炸物
XC_004.html,小吃炸物
XC_005.html,小吃炸物
XC_006.html,小吃炸物
XC_007.html,小吃炸物
XC_008.html,小吃炸物
XC_009.html,小吃炸物
XC_010.html,小吃炸物
XC_011.html,小吃炸物
XC_012.html,小吃炸物
YB_001.html,饮品杯
YB_002.html,饮品杯
YB_003.html,饮品杯
YB_004.html,饮品杯
YB_005.html,饮品杯
YB_006.html,饮品杯
YL_001.html,新式茶饮
YL_002.html,新式茶饮
YL_003.html,新式茶饮
YL_004.html,新式茶饮
YL_005.html,新式茶饮
YL_006.html,新式茶饮
YL_007.html,新式茶饮
YL_008.html,新式茶饮
YL_009.html,新式茶饮
YL_010.html,新式茶饮
YL_011.html,新式茶饮
YL_012.html,新式茶饮
YL_013.html,新式茶饮
YL_014.html,新式茶饮
YL_015.html,新式茶饮
YL_016.html,新式茶饮
YL_017.html,新式茶饮
YL_018.html,新式茶饮
YL_019.html,新式茶饮
YL_020.html,新式茶饮
YL_021.html,新式茶饮
YL_022.html,新式茶饮
YL_023.html,新式茶饮
YL_024.html,新式茶饮
YL_025.html,新式茶饮
YL_026.html,新式茶饮
YL_027.html,新式茶饮
YL_028.html,新式茶饮
YL_029.html,新式茶饮
YL_030.html,新式茶饮
YL_031.html,新式茶饮
YL_032.html,新式茶饮
YL_033.html,新式茶饮
YL_034.html,新式茶饮
YL_035.html,新式茶饮
YL_036.html,新式茶饮
YL_037.html,新式茶饮
YL_038.html,新式茶饮
YL_039.html,新式茶饮
YL_040.html,新式茶饮
YL_041.html,新式茶饮
YL_042.html,新式茶饮
YL_043.html,新式茶饮
YL_044.html,冰品甜品
YL_045.html,冰品甜品
YL_046.html,冰品甜品
YL_047.html,新式茶饮
YL_048.html,新式茶饮
YL_049.html,新式茶饮
YL_050.html,新式茶饮
YL_051.html,新式茶饮
YL_052.html,新式茶饮
YL_053.html,新式茶饮
YL_054.html,新式茶饮
YL_055.html,新式茶饮
YL_056.html,新式茶饮
YL_057.html,新式茶饮
YL_058.html,新式茶饮
YL_059.html,新式茶饮
ZC_001.html,精品套餐
ZC_01.html,早餐粥品
ZC_02.html,早餐粥品
ZC_03.html,早餐粥品
ZC_04.html,中式面食/煎饼
ZC_05.html,中式面食/煎饼
ZC_06.html,中式面食/煎饼
ZC_07.html,中式面食/煎饼
ZC_08.html,中式面食/煎饼
ZC_09.html,中式面食/煎饼
ZS_003.html,中式面食/煎饼
ZS_011.html,中式面食/煎饼
ZS_012.html,中式面食/煎饼
ZS_013.html,中式面食/煎饼
daokou-shaoji.html,烧腊卤水
串串香底料.html,厨房/菜品类
冰糖酸梅汤.html,新式茶饮
剁椒酱.html,厨房/菜品类
厚切炒酸奶.html,冰品甜品
原味爆浆芝士猪排.html,小吃炸物
发酵面小笼包.html,包子蒸点
发面金丝饼.html,中式面食/煎饼
叫花鸡_郑州版_产品卡.html,烧腊卤水
叫花鸡_郑州版_工艺配方文档.html,烧腊卤水
地锅鸡酱料.html,厨房/菜品类
安徽牛肉板面.html,中式面食/煎饼
川式五香卤水.html,厨房/菜品类
枣花馒头.html,包子蒸点
桶子鸡_产品卡.html,烧腊卤水
桶子鸡_配方文档.html,烧腊卤水
椒麻鸡_产品卡.html,烧腊卤水
椒麻鸡_工艺配方文档.html,烧腊卤水
沟帮子熏鸡_商业产品卡.html,烧腊卤水
河南滋补烩面.html,中式面食/煎饼
河南酱牛肉.html,烧腊卤水
河南酱肉大包.html,包子蒸点
淮南牛肉汤.html,中式面食/煎饼
烧鸡卤水.html,厨房/菜品类
独一味油饼.html,中式面食/煎饼
秘制钵钵鸡.html,凉拌卤味
简阳羊肉汤.html,中式面食/煎饼
脆皮五花肉.html,烧腊卤水
芋泥啵啵冰.html,冰品甜品
茶香鸡_产品卡.html,烧腊卤水
蒜香爆浆芝士猪排.html,小吃炸物
蜂蜜芥末爆浆芝士猪排.html,小吃炸物
车轮饼（创新馅料）.html,小吃炸物
酱卤牛肉_产品卡.html,烧腊卤水
酱卤牛肉_工艺配方文档.html,烧腊卤水
重庆鸡公煲酱料.html,厨房/菜品类
重庆麻辣烤鱼酱.html,厨房/菜品类
韩式甜辣酱爆浆芝士猪排.html,小吃炸物
韩式芝士热狗棒.html,小吃炸物
韩式辣炒年糕杯.html,小吃炸物
韩式鱼饼串.html,小吃炸物
鸡蛋灌饼煎饼酱.html,厨房/菜品类
麻油鸡_产品卡.html,烧腊卤水
麻油鸡_工艺配方文档.html,烧腊卤水
麻辣炒螺蛳.html,小吃炸物
